{
    "$schema": "https://schema.management.azure.com/schemas/2015-01-01/deploymentParameters.json#",
    "contentVersion": "1.0.0.0",
    "parameters": {
        "location": {
            "value": "eastus"
        },
        "virtualMachineName": {
            "value": "aeon-miner"
        },
        "virtualMachineSize": {
            "value": "Standard_F4s_v2"
        },
        "adminUsername": {
            "value": "cpauu"
        },
        "virtualNetworkName": {
            "value": "cloud-shell-storage-eastus-vnet"
        },
        "networkInterfaceName": {
            "value": "aeon-miner313"
        },
        "networkSecurityGroupName": {
            "value": "aeon-miner-nsg"
        },
        "adminPassword": {
            "value": null
        },
        "storageAccountName": {
            "value": "cloudshellstorageeast214"
        },
        "storageAccountType": {
            "value": "Standard_LRS"
        },
        "storageAccountKind": {
            "value": "Storage"
        },
        "diagnosticsStorageAccountName": {
            "value": "cloudshellstorageeast902"
        },
        "diagnosticsStorageAccountType": {
            "value": "Standard_LRS"
        },
        "diagnosticsStorageAccountKind": {
            "value": "Storage"
        },
        "diagnosticsStorageAccountId": {
            "value": "Microsoft.Storage/storageAccounts/cloudshellstorageeast902"
        },
        "addressPrefix": {
            "value": "10.0.0.0/24"
        },
        "subnetName": {
            "value": "default"
        },
        "subnetPrefix": {
            "value": "10.0.0.0/24"
        },
        "publicIpAddressName": {
            "value": "aeon-miner-ip"
        },
        "publicIpAddressType": {
            "value": "Dynamic"
        },
        "publicIpAddressSku": {
            "value": "Basic"
        }
    }
}